title,link,img,description,date,time
Ferme de singes à Le Val,https://lexpress.mu/s/rejet-du-permis-eia-par-le-ministere-de-lenvironnement-532799,https://lexpress.mu/storage/IiyPVXiehB47RulH2g5ACzCEBmiWRId8V6CS2swx.jpg,Rejet du permis EIA par le ministère de l’Environnement,21 mars 2024,09:00
Journée mondiale du recylcage,https://lexpress.mu/s/pim-recycling-compte-traiter-plus-de-800-tonnes-de-dechets-532749,https://lexpress.mu/storage/YOqqNN6ZWeHAtxWZ49TtJYPUP837DPou5Xif1IAa.jpg,PIM recycling compte traiter plus de 800 tonnes de déchets,19 mars 2024,21:42
Environnement sensible,https://lexpress.mu/s/lestuaire-de-terre-rouge-a-nouveau-pollue-au-fioul-532517,https://lexpress.mu/storage/ddXrFO6bBjwlNfGEODWQg1EtpvoCcn2qKavAPhRu.jpg,L’estuaire de Terre-Rouge à nouveau pollué au fioul,12 mars 2024,16:30
Incivisme à Riche-Terre,https://lexpress.mu/s/le-depotoir-qui-pique-les-nerfs-a-la-rue-des-oursins-532327,https://lexpress.mu/storage/xoB3Pvd12ucavdr6owx5SY0sVeAVRp49paCKQIFZ.jpg,Le dépotoir qui pique les nerfs à la rue des Oursins ?,7 mars 2024,12:58
Environment,https://lexpress.mu/s/privy-council-holds-hearings-on-landmark-eco-sud-case-532319,https://lexpress.mu/storage/UborlX553frtdgWEAGqulIvvh1qv96itNLCtcE6s.jpg,Privy Council holds hearings on landmark Eco-Sud case,7 mars 2024,09:00
Tempêtes tropicales,https://lexpress.mu/s/des-arbres-devenus-moins-resistants-531926,https://lexpress.mu/storage/ttU0I3kVbdfvAMM1fCy5eI0J8N9ncQ0bwCMTNvpj.jpg,Des arbres devenus moins résistants,24 février 2024,11:00
Dengue,https://lexpress.mu/s/les-habitants-de-leclezio-a-curepipe-craignent-la-maladie-531879,https://lexpress.mu/storage/Uxg2l75k2eJGCbP9u8koolgVuPKqpZ9AO8SIEPXK.jpg,Les habitants de Leclezio à Curepipe craignent la maladie,22 février 2024,16:00
Permis d’élevage de singes,https://lexpress.mu/s/le-ministre-seeruttun-aucun-dossier-de-hammerhead-international-sur-la-table-531878,https://lexpress.mu/storage/Sw0BvML3KXEcFuUlrO7BdZG56zjwldgWmDpg6rHk.jpg,Le ministre Seeruttun: «Aucun dossier de Hammerhead International sur la table»,22 février 2024,15:00
Bain-des-Dames,https://lexpress.mu/s/les-habitants-exasperes-par-lodeur-pestilentielle-du-pont-pendi-531836,https://lexpress.mu/storage/iutJeIDdI7iHzSHrHhat4zSLImdVviAyJiI8KtzU.jpg,Les habitants exaspérés par l’odeur pestilentielle du pont «Pendi»,21 février 2024,13:01
Inondations et solutions,https://lexpress.mu/s/des-eleves-engages-pour-un-avenir-meilleur-531787,https://lexpress.mu/storage/oxYWZn9ZyYntsDenK12dQoYdX6ScbfE6rTVyje9I.jpg,Des élèves engagés pour un avenir meilleur,20 février 2024,19:00
Torture des singes à Maurice,https://lexpress.mu/s/on-na-plus-confiance-en-ceux-qui-delivrent-les-permis-531702,https://lexpress.mu/storage/QIqV1rExetzjOVMRpaqOGT6S4DabmEx8Py9dOwF1.jpg,ONG Quatre Tilapat: «On n’a plus confiance en ceux qui délivrent les permis»,17 février 2024,15:00
Environnement │Décès d’une tortue marine,https://lexpress.mu/s/laissez-ces-animaux-en-paix-531649,https://lexpress.mu/storage/y8zNUlryKHLnVQ1S3xyStNb5PzliJ4Kxan2tr40E.jpg,Laissez ces animaux en paix,15 février 2024,13:00
Environnement,https://lexpress.mu/s/recyclage-et-segregation-pour-reduire-les-dechets-531502,https://lexpress.mu/storage/FihxM50xOjVAMxNjCEdx082Vvsv3NJ5WTFolcjbH.jpg,Recyclage et ségrégation pour réduire les déchets,11 février 2024,20:00
L’avoué Nicolas Richard,https://lexpress.mu/s/les-drains-ne-resoudront-pas-toutes-les-tragedies-environnementales-traversees-531473,https://lexpress.mu/storage/wnqSR0rVGcZTzwLFDak917ANqx8RMOcNczLhsCF5.jpg,«Les drains ne résoudront pas toutes  les tragédies environnementales traversées»,10 février 2024,21:00
Nettoyage après la fuite de fioul à Terre-Rouge,https://lexpress.mu/s/concentration-dhuile-et-de-graisse-indetectables-dans-les-monitoring-sites-et-dans-lestuaire-531437,https://lexpress.mu/storage/0qVSvWRvR6i3jcT46QBVsrxMLWwTj6GmHs6BwKgj.jpg,Concentration d’huile et de graisse indétectables dans les «monitoring sites» et dans l’estuaire,9 février 2024,10:00
Météo,https://lexpress.mu/s/la-canicule-sinstalle-les-climatiseurs-aussi-531058,https://lexpress.mu/storage/qYfWq1SA5Ccd0MrjYLaKTAqIxLQiTlhRBNDKyTw9.jpg,"La canicule s’installe, les climatiseurs aussi",28 janvier 2024,12:00
Météo,https://lexpress.mu/s/un-avis-de-fortes-houles-est-en-vigueur-a-maurice-531066,https://lexpress.mu/storage/hRwb9MQjfxoyXuXVGQbDlnaN8Gfq1qZ1YiCVUuQG.jpg,Un avis de fortes houles est en vigueur à Maurice,28 janvier 2024,10:41
Météo,https://lexpress.mu/s/maurice-en-veille-de-fortes-pluies-531060,https://lexpress.mu/storage/QagNEz3DIxBIfujMWzLnRpw8CGZCpHHdt8JfNedT.jpg,Maurice en veille de fortes pluies,28 janvier 2024,09:02
Terre-Rouge,https://lexpress.mu/s/une-fuite-de-fioul-qui-rappelle-de-tristes-souvenirs-530894,https://lexpress.mu/storage/q7KtFyy6IPd4y5pS3Ie8i1ckW4CYVOgHDERGo3wh.jpg,Une fuite de fioul qui rappelle de tristes souvenirs,23 janvier 2024,18:30
Post-Belal et classe 2,https://lexpress.mu/s/le-nettoyage-fini-les-habitants-de-st-jean-tremblent-530890,https://lexpress.mu/storage/NV7k9sIenFhOImZ0bWwLsUkV3Uts9bsR659uNh6r.jpg,"Le nettoyage fini, les habitants de St-Jean tremblent",23 janvier 2024,15:00
Hôpitaux sans climatiseur,https://lexpress.mu/s/les-patients-mis-a-rude-epreuve-avec-la-chaleur-530451,https://lexpress.mu/storage/Dg5Jm9RrXaomxfq41DJA4G06HZ6oBJ3Xo75dbfJ0.jpg,Les patients mis à rude épreuve avec la chaleur,10 janvier 2024,11:00
Changement climatique et «développement»,https://lexpress.mu/s/bel-air-chaque-grosse-pluie-devient-une-hantise-530395,https://lexpress.mu/storage/XYWRnill8aHioZDRBtYYMvNpaNbpROH8ltXL8M6m.jpg,Bel Air: chaque grosse pluie devient une hantise,8 janvier 2024,14:00
Environnement,https://lexpress.mu/s/manque-dhygiene-publique-et-incivisme-malgre-les-poubelles-530285,https://lexpress.mu/storage/AzK0NSGxrF8Np5RHyYC8r2UgmBcWEYsKmVqxDPrd.jpg,Manque d’hygiène publique et incivisme malgré les poubelles,4 janvier 2024,18:00
Climat,https://lexpress.mu/s/2023-lannee-la-plus-chaude-jamais-enregistreechaude-enregistree-529796,https://lexpress.mu/storage/qtGblwarTntxVme7vUsUyIWGJjATJ5v9kITYcCIb.jpg,2023 l’année la plus chaude jamais enregistréechaude enregistrée,17 décembre 2023,13:00
Bus électriques,https://lexpress.mu/s/la-cnt-risque-dattendre-longtemps-529612,https://lexpress.mu/storage/jyiEImUBVXP0RZdJ5SsZmKo6zrnLxjHdliwCpkUW.jpg,La CNT risque d’attendre longtemps,11 décembre 2023,13:00
Changement climatique,https://lexpress.mu/s/routes-submergees-et-preoccupations-persistantes-chez-des-habitants-529599,https://lexpress.mu/storage/TiD98WoI8OOQpmsHtHz452ZrKMEzYqtJXX4pHCUu.jpg,Routes submergées et préoccupations persistantes chez des habitants,11 décembre 2023,09:00
Changement climatique I Human Climate Horizons,https://lexpress.mu/s/les-endroits-les-plus-vulnerables-face-a-lelevation-du-niveau-de-la-mer-529569,https://lexpress.mu/storage/WcwvvU2Ragt0mD5aKomJADfDbCQxWuC2r8mduiS3.jpg,Les endroits les plus vulnérables face à l’élévation du niveau de la mer,9 décembre 2023,21:00
COP28,https://lexpress.mu/s/maurice-attend-le-fonds-loss-and-damage-529285,https://lexpress.mu/storage/7Aj6AIEKwdRyC1z7jnLVbALPE1UWy6EIuEr6vx6j.jpg,Maurice attend le fonds «Loss and Damage»,1 décembre 2023,10:05
COP 28,https://lexpress.mu/s/monarques-carbone-et-dollars-une-cop28-hors-norme-souvre-a-dubai-529258,https://lexpress.mu/storage/NNrx7MnMbjROt3MTjEEo92zocgZXph1b5QBF4POs.jpg,"Monarques, carbone et dollars: une COP28 hors norme s'ouvre à Dubaï",30 novembre 2023,12:08
Énergie solaire,https://lexpress.mu/s/des-panneaux-photovoltaiques-sur-chaque-toit-529177,https://lexpress.mu/storage/ZZHBqGLbWc6U0SHgl8rlHVIhHIgdF7eDNRXwdow8.jpg,Des panneaux photovoltaïques sur chaque toit,27 novembre 2023,18:00
Projets hôteliers,https://lexpress.mu/s/un-pave-dans-le-plan-directeur-de-palmar-529121,https://lexpress.mu/storage/MfTIEMt6glHkNzZKFHBk0x4tZSxtiAgza0AKnxMk.jpg,Un pavé dans le plan directeur de Palmar,25 novembre 2023,18:00
Wetlands menacées,https://lexpress.mu/s/projet-hotelier-a-anse-la-raie-la-plage-un-enjeu-electoral-529083,https://lexpress.mu/storage/N5witKiupnwqmt7bXZlN0hSJzCMAtTzsoMpgMrKi.jpg,"Projet hôtelier à Anse-la-Raie: la plage, un «enjeu électoral»",24 novembre 2023,20:00
Manière de voir,https://lexpress.mu/s/villesilescotes-qui-vont-seffondrer-529086,https://lexpress.mu/storage/trgc1phVK4AO7sUHWrM5aAeTxriS59z3aLsqSVoB.jpg,Villes/îles/côtes qui vont s’effondrer ?,24 novembre 2023,19:26
Espèce endémique,https://lexpress.mu/s/lueur-despoir-pour-le-pink-pigeon-529085,https://lexpress.mu/storage/wR8Hg5R860la2SRYQKbGzWBba1nfAZLVuqEFf8N9.jpg,Lueur d’espoir pour le «pink pigeon»,24 novembre 2023,18:15
Changement climatique,https://lexpress.mu/s/que-fait-maurice-528928,https://lexpress.mu/storage/U51EjfAnZ7kVvkfdcw4xkGe2BtYGgmQfttSU38bt.jpg,Que fait Maurice ?,19 novembre 2023,21:00
Changement climatique,https://lexpress.mu/s/les-averses-de-ce-debut-de-novembre-laissent-presager-un-ete-tres-pluvieux-528668,https://lexpress.mu/storage/qBV4O48fE4AGyfrDFzVypv1CfidpBwvuW6NuULDw.jpg,Les averses de ce début de novembre laissent présager un été très pluvieux,10 novembre 2023,17:00
Changement climatique,https://lexpress.mu/s/les-climatologues-en-alerte-sur-la-fin-de-2023-528550,https://lexpress.mu/storage/jyhGxnl7gfIlX4xosrUBx8zERnO6fFXHfosHIvsu.jpg,Les climatologues en alerte sur la fin de 2023,6 novembre 2023,21:00
Insécurité,https://lexpress.mu/s/quand-les-flyovers-deviennent-des-highways-pour-toxicomanes-528291,https://lexpress.mu/storage/k8BZkSdK9waYz8a03S8ETiJsKMyRpycr6cLaOCjQ.jpg,Quand les «flyovers» deviennent des «highways» pour toxicomanes,28 octobre 2023,21:05
Catastrophe naturelle,https://lexpress.mu/s/un-exercice-de-simulation-dun-tsunami-prevu-demain-a-maurice-et-a-rodrigues-528157,https://lexpress.mu/storage/H0GagkuUBSYHIqFFY5Upr2hqhPjcObQKje7zKMIM.jpg,Un exercice de simulation d'un tsunami prévu demain à Maurice et à Rodrigues,24 octobre 2023,13:00
Une tournée de l'île Ronde avec la Mauritian Wildlife Foundation,https://lexpress.mu/s/50-ans-de-defis-et-de-conservation-528150,https://lexpress.mu/storage/srCiZdbJdERlpeamvSUgL5J7iVrHL4qUQ2xjPUdY.jpg,50 ans de défis et de conservation,24 octobre 2023,11:04
Étude,https://lexpress.mu/s/la-fonte-inevitable-de-lantarctique-glace-le-sang-528148,https://lexpress.mu/storage/kVfTdMIX7LxCRfLa2E6CTyNvFYAeETohTPIqSdZC.jpg,La fonte inévitable de l'Antarctique glace le sang,24 octobre 2023,10:50
Véhicules électriques,https://lexpress.mu/s/pas-si-propres-quon-le-pretend-528068,https://lexpress.mu/storage/qsoqLUoqQNmswR9HepRgjZgvFv2bLVfgDXKBWoCP.jpg,Pas si «propres» qu’on le prétend,21 octobre 2023,20:00
BiobiN Mauritius,https://lexpress.mu/s/des-bennes-bio-pour-desengorger-mare-chicose-528034,https://lexpress.mu/storage/SpbVxu17P2CP8mWQvVmRGSjprOoN3b2WJs9mIqqW.jpg,Des bennes bio pour désengorger Mare-Chicose,20 octobre 2023,20:00
Foire anti-gaspillage,https://lexpress.mu/s/contrats-bientot-alloues-a-des-centres-de-compostage-et-de-tri,https://lexpress.mu/storage/H0FMpb9PxC6cRFrgH1xJDp9CS1FwmpJxUMltHQ1E.jpg,«Contrats bientôt alloués à des centres de compostage et de tri»,15 octobre 2023,15:00
Étude,https://lexpress.mu/s/les-relations-homosexuelles-chez-les-animaux-un-remede-contre-les-conflits,https://lexpress.mu/storage/Or9BNa62tScX4MosMyhajeUg4Hyf5Cnijl2t2VeM.jpg,"Les relations homosexuelles chez les animaux, un «remède» contre les conflits",8 octobre 2023,15:15
Site protégé,https://lexpress.mu/s/coin-de-mire-et-non-coin-ideal-de-lescalade,https://lexpress.mu/storage/d9yoxiY8YrTXCc2rWXq3WyBrMQ4tIGYMpWiiyNGL.jpg,Coin-de-Mire et non coin idéal de l’escalade,7 octobre 2023,13:00
Taux de remplissage,https://lexpress.mu/s/reservoirs-bar-eau-metre-inquietant,https://lexpress.mu/storage/QMRI25DbeGT8U30nx65apTsXn9gBdlZS3DN95kL7.jpg,Réservoirs: «bar-eau-mètre» inquiétant,1 octobre 2023,14:55
Les Salines,https://lexpress.mu/s/le-musee-des-ordures-tableau-dhumanite,https://lexpress.mu/storage/AWp7amLG7K3fayV9GMNzKynPlw2czZ3tEGt0hrK9.jpg,"Le musée des ordures, tableau d’humanité",30 septembre 2023,21:00
Demande d’injonction de Quatre Tilapat,https://lexpress.mu/s/la-msaw-et-biosphere-trading-ltd-sommes-devant-la-cour-supreme,https://lexpress.mu/storage/7yCNpPHMS2SUcp0w72xAvQuBChp3rK9iSDzF0QVV.jpg,La MSAW et Biosphere Trading Ltd sommés devant la Cour suprême,30 septembre 2023,18:00
Who cares? I Poubelle à ciel ouvert,https://lexpress.mu/s/le-corps-de-garde-en-a-plein-le-dos,https://lexpress.mu/storage/m7jVhQqpHH6nw1QMyddiTZ6kEGLC3jF1ictqGxb0.jpg,Le Corps-de-Garde en a plein le dos,30 septembre 2023,16:50
Contrat de Rs 5 milliards à Corexsolar,https://lexpress.mu/s/le-ceb-nie-toute-maldonne,https://lexpress.mu/storage/1m2XPOn8MNlDHmk451Qio5fxwCSqshSljezHv0Ia.jpg,Le CEB nie toute maldonne,30 septembre 2023,16:00
SARCOF-27,https://lexpress.mu/s/la-region-sadc-se-rassemble-pour-aborder-les-dangers-climatiques,https://lexpress.mu/storage/ylR0T4NWP0itaSyJovG645aqTjsiFMdsfPhIdgMw.jpg,La région SADC se rassemble pour aborder les dangers climatiques,29 septembre 2023,19:29
Agriculture,https://lexpress.mu/s/le-groupe-alteo-met-en-vente-des-terrains-agricoles,https://lexpress.mu/storage/v6urHz4aj5sT8vzXQXVN54NJkQw3JqOdnFrsMOJC.jpg,Le groupe Alteo met en vente des terrains agricoles,26 septembre 2023,13:00
Protocole de Montréal,https://lexpress.mu/s/les-mesures-pour-proteger-la-couche-dozone-aident-a-lutter-contre-le-changement-climatique,https://lexpress.mu/storage/Xzabr1ghwXaHUcdeTDSTolXaf7ZvS22n9hABQBMf.jpg,Les mesures pour protéger la couche d’ozone aident à lutter contre le changement climatique,22 septembre 2023,22:00
Tri des déchets,https://lexpress.mu/s/un-projet-vante-mais-jamais-mis-en-pratique,https://lexpress.mu/storage/GHoBRLlpfYSaT3JSctG6d0umQjTYq4WhRCexAm8c.jpg,Un projet vanté mais jamais mis en pratique,18 septembre 2023,21:27
World Clean Up Day,https://lexpress.mu/s/les-eleves-du-college-mayflower-embellissent-la-grotte-de-pont-bon-dieu,https://lexpress.mu/storage/Tws7g7lruALhWA38n1niaA8R81csLGzMgQvKac5G.jpg,Les élèves du collège Mayflower embellissent la grotte de Pont Bon Dieu,15 septembre 2023,15:07
Reportage,https://lexpress.mu/s/les-salines-le-musee-des-ordures,https://lexpress.mu/storage/82Jez1GpTPjQpLQto8ifeNkDvEltN2FZGXlR5zbt.jpg,Les Salines: le musée des ordures,12 septembre 2023,22:09
«Proze Ver Recycling»,https://lexpress.mu/s/donner-une-seconde-vie-au-verre,https://lexpress.mu/storage/clFYqYtZI4Jsk9jJjR0jso4kSt2KCV1iYmd1hE71.jpg,Donner une seconde vie au verre,12 septembre 2023,22:00
Phénomène climatique,https://lexpress.mu/s/un-ete-torride-en-vue,https://lexpress.mu/storage/vAhPnYpoeE0WLiN2WByjPOR71wu8APLzCPZPMphD.jpg,Un été torride en vue…,12 septembre 2023,08:59
Changement climatique,https://lexpress.mu/s/une-des-priorites-mobilisation-de-ressources-financieres,https://lexpress.mu/storage/M0YCEX88bE7TS2KDd9xsL35I543lmmYf3w7aPYQ2.jpg,"S’adapter, le défi des petits États insulaires",8 septembre 2023,17:45
Cadavres d’animaux marins,https://lexpress.mu/s/entre-fascination-et-preoccupation-ecologique,https://lexpress.mu/storage/7V3LXU7LRX89BtpByPS8EszhBYOBHN445m9PMFqc.jpg,Entre fascination et préoccupation écologique,3 septembre 2023,15:53
Tri des déchets,https://lexpress.mu/s/appel-a-la-collaboration-du-public,https://lexpress.mu/storage/1knERxjtA2X7EHrF5X8O8hhZjMddKCXCmYTIG2DQ.jpg,Appel à la collaboration du public,29 août 2023,16:00
Naufrage du remorqueur Sir Gaëtan,https://lexpress.mu/s/video/426316/naufrage-remorqueur-sir-gaetan-emission-speciale-et-revelations-trois-ans-apres,https://lexpress.mu/storage/images/video/2023/2023-08/video_done.jpg,Émission spéciale et révélations trois ans après,26 août 2023,19:24
Changement climatique,https://lexpress.mu/s/article/426222/changement-climatique-i-fructueux-desordre-entre-floraisons-precoces-et-saisons,https://lexpress.mu/storage/images/article/2023/2023-08/2023-08-24/mangue.jpg,Fructueux désordre: entre floraisons précoces et saisons déboussolées,24 août 2023,12:00
,https://lexpress.mu/s/article/426219/extension-verticale-i-mare-chicose-periode-dappel-doffres-prolongee,https://lexpress.mu/storage/images/article/2023/2023-08/2023-08-24/crash_avion_en_russie_0.jpg,Extension verticale I Mare-Chicose: la période d’appel d’offres prolongée,24 août 2023,10:00
,https://lexpress.mu/s/article/426162/veranda-et-heritage-resorts-mesures-sinspirant-saison-fermeture-poulpe-appliquees,https://lexpress.mu/storage/images/article/2023/2023-08/2023-08-22/poulpe.jpg,À Véranda et Heritage Resorts: des mesures s’inspirant de la saison de fermeture du poulpe appliquées,22 août 2023,22:00
,https://lexpress.mu/s/article/426158/energies-renouvelables-longue-traversee-desert,https://lexpress.mu/storage/images/article/2023/2023-08/2023-08-22/soclaire.jpg,Énergies renouvelables: la longue traversée du désert,22 août 2023,17:00
,https://lexpress.mu/s/article/426125/plaine-verte-l-rats-et-squatteurs-habitants-sen-remettent-au-lord-maire,https://lexpress.mu/storage/images/article/2023/2023-08/2023-08-21/plaine-verte.jpg,Plaine-Verte l Rats et squatteurs: les habitants s’en remettent au lord-maire,21 août 2023,15:00
,https://lexpress.mu/s/video/425955/casela-teste-leco-rider-pour-un-safari-ecolo,https://lexpress.mu/storage/images/video/2023/2023-08/casela.jpeg,Casela : On a testé l'Eco Rider pour un safari écolo,16 août 2023,21:02
,https://lexpress.mu/s/article/425829/statistiques-sur-lenvironnement-nos-donnees-vertes-sont-dans-rouge,https://lexpress.mu/storage/images/article/2023/2023-08/2023-08-13/environment.jpg,Statistiques sur l’environnement : Nos données vertes sont dans le rouge,13 août 2023,10:55
,https://lexpress.mu/s/article/425704/naufrage-wakashio-eco-sud-attend-toujours-une-reponse-lambassade-japon,https://lexpress.mu/storage/images/article/2023/2023-08/2023-08-10/wakashio.jpg,Naufrage du «Wakashio»: Eco-Sud attend toujours une réponse de l’ambassade du Japon,10 août 2023,15:00
,https://lexpress.mu/s/article/425572/meteo-un-hiverchaud,https://lexpress.mu/storage/images/article/2023/2023-08/2023-08-06/lexp_-_2023-08-06t105612.791.jpg,Météo: un hiver…chaud,6 août 2023,12:00
,https://lexpress.mu/s/article/425538/projet-transformation-graphite-purifie-jin-fei-habitants-apprehensifs,https://lexpress.mu/storage/images/article/2023/2023-08/2023-08-05/reunion_nextsource_materials_bdt.jpg,Projet de transformation de graphite «purifié» à Jin Fei: les habitants appréhensifs,5 août 2023,16:00
,https://lexpress.mu/s/article/425533/jardinage-siddarth-seekun-encourage-lutilisation-pots-biodegradables,https://lexpress.mu/storage/images/article/2023/2023-08/2023-08-05/jardinage_siddarth_seekun_encourage_lutilisation_de_pots_biodegradables.jpg,Jardinage: Siddarth Seekun encourage l’utilisation de pots biodégradables,5 août 2023,10:37
,https://lexpress.mu/s/article/425435/environnement-production-denergie-renouvelable-en-baisse-en-2022,https://lexpress.mu/storage/images/article/2023/2023-08/2023-08-02/panneaux_photovoltaiques.jpg,Environnement: la production d’énergie renouvelable en baisse en 2022,2 août 2023,17:00
,https://lexpress.mu/s/idee/425296/comments-panama-report-wakashio,https://lexpress.muhttps://lexpress.mu/images/cover.png,Comments on the Panama Report on Wakashio,29 juillet 2023,17:00
,https://lexpress.mu/s/article/425273/bambaras-et-ailerons-requin-un-trafic-lucratif-pour-palais-fins,https://lexpress.mu/storage/images/article/2023/2023-07/2023-07-29/bambara_2.jpg,«Bambaras» et ailerons de requin: un trafic lucratif pour palais fins,29 juillet 2023,15:00
,https://lexpress.mu/s/article/425133/wakashio-l-trois-ans-apres-quand-un-naufrage-provoque-une-deferlante-patriotisme,https://lexpress.mu/storage/images/article/2023/2023-07/2023-07-25/wakashio_main.jpg,Wakashio l Trois ans après: quand un naufrage provoque une déferlante de patriotisme ,25 juillet 2023,13:35
,https://lexpress.mu/s/article/425029/mare-chicose-camionneurs-rongent-leur-frein-face-au-delai-operations,https://lexpress.mu/storage/images/article/2023/2023-07/2023-07-22/mare_chicose.jpg,Mare-Chicose: les camionneurs rongent leur frein face au délai des opérations,22 juillet 2023,17:00
,https://lexpress.mu/s/video/424836/patrimoine-mondial-l-morne-votre-sentier,https://lexpress.mu/storage/images/video/2023/2023-07/thumnail.jpeg,"Patrimoine mondial l Le Morne, à votre sentier",17 juillet 2023,09:28
,https://lexpress.mu/s/article/424566/meteo-matin-mi-couvert-et-nuit-fraiche-en-perspective,https://lexpress.mu/storage/images/article/2023/2023-07/2023-07-09/lexp_-_2023-07-09t020104.290.jpg,Météo: matin mi-couvert et nuit fraîche en perspective,9 juillet 2023,08:00
,https://lexpress.mu/s/article/424513/erosion-belle-mare-princesse-stephanie-monaco-fait-une-demande-deia-pour-eriger-un,https://lexpress.mu/storage/images/article/2023/2023-07/2023-07-07/lexp_-_2023-07-07t182508.252.jpg,Érosion à Belle-Mare: la princesse Stéphanie de Monaco fait une demande d’EIA pour ériger un nouveau mur devant sa villa,7 juillet 2023,19:00
,https://lexpress.mu/s/article/424482/catastrophes-naturelles-intenses-maurice-haut-risque,https://lexpress.mu/storage/images/article/2023/2023-07/2023-07-06/inondations-2.jpg,Catastrophes naturelles intenses: Maurice à haut risque,6 juillet 2023,20:07
,https://lexpress.mu/s/article/424632/protection-lenvironnement-itl-maurice-plage-nettoyee-employes-recompenses,https://lexpress.mu/storage/images/article/2023/2023-07/2023-07-11/lexp_-_2023-07-11t010208.031.jpg,"Protection de l’environnement | ITL Maurice : plage nettoyée, employés récompensés",4 juillet 2023,18:00
,https://lexpress.mu/s/article/424361/environnement-massacre-darbres-quatre-bornes,https://lexpress.mu/storage/images/article/2023/2023-07/2023-07-03/lexp_-_2023-07-03t175118.672.jpg,Environnement: massacre d’arbres à Quatre-Bornes,3 juillet 2023,19:00
,https://lexpress.mu/s/article/424332/mares-plaine-champagne-aller-aux-goyaves,https://lexpress.mu/storage/images/article/2023/2023-07/2023-07-02/rando_main.jpg,De «Les Mares» à Plaine-Champagne: aller aux goyaves,2 juillet 2023,21:00
,https://lexpress.mu/s/article/424084/meteo-il-fait-toujours-froid-ce-lundi,https://lexpress.mu/storage/images/article/2023/2023-06/2023-06-26/lexp_-_2023-06-26t084955.744.jpg,Météo: il fait toujours froid ce lundi,26 juin 2023,08:50
,https://lexpress.mu/s/article/424032/jessica-govind-dodv-production-kobita-jugnauth-tout-suite-accepte-detre-marraine,https://lexpress.mu/storage/images/article/2023/2023-06/2023-06-24/jessica_govind.jpg,Jessica Govind d'ODV Production: «Kobita Jugnauth a tout de suite accepté d’être la marraine»,24 juin 2023,17:30
,https://lexpress.mu/s/article/423831/dossier-lelimination-totale-plastique-et-son-recyclage-une-illusion,https://lexpress.mu/storage/images/article/2023/2023-06/2023-06-19/lexp_-_2023-06-19t170912.944.jpg,[Dossier] L’élimination totale du plastique et son recyclage: une illusion…,19 juin 2023,21:00
,https://lexpress.mu/s/article/423778/tamarind-falls-descente-au-septieme-ciel,https://lexpress.mu/storage/images/article/2023/2023-06/2023-06-18/tamarin_1.jpg,Tamarind falls: descente au septième ciel,18 juin 2023,21:00
,https://lexpress.mu/s/article/423507/conquete-pieter-both,https://lexpress.mu/storage/images/article/2023/2023-06/2023-06-11/peter_main.jpg,À la conquête du Pieter Both,11 juin 2023,21:00
,https://lexpress.mu/s/article/423415/lutte-contre-pollution-comprehension-essentielle-enjeux-plastique,https://lexpress.mu/storage/images/article/2023/2023-06/2023-06-09/pollution_plastique.jpg,Lutte contre la pollution : La compréhension essentielle des enjeux du plastique,9 juin 2023,13:00
,https://lexpress.mu/s/article/423397/polemique-autour-dun-projet-immobilier-entreprises-proposent-un-poumon-vert-roches,https://lexpress.mu/storage/images/article/2023/2023-06/2023-06-08/lexp_-_2022-04-24t153542.924.jpg,Polémique autour d’un projet Immobilier: des entreprises proposent un poumon vert à Roches-Noires,8 juin 2023,18:01
,https://lexpress.mu/s/article/423192/clin-doeil-l-recyclage-papier-alina-domun-fait-carton-plein,https://lexpress.mu/storage/images/article/2023/2023-06/2023-06-03/alina_domun_montrera_ses_produits.jpg,Clin d’oeil l Recyclage de papier: Alina Domun fait carton plein,3 juin 2023,09:18
,https://lexpress.mu/s/article/422638/cleaning-day-roches-brunes-habitants-montrent-lexemple,https://lexpress.mu/storage/images/article/2023/2023-05/2023-05-21/lexp_-_2023-05-21t214227.697.jpg,Cleaning day à Roches-Brunes: les habitants montrent l’exemple ,21 mai 2023,21:42
,https://lexpress.mu/s/article/422538/production-electrique-une-nouvelle-centrale-gaz-naturel-mare-chicose,https://lexpress.mu/storage/images/article/2023/2023-05/2023-05-19/mc11_0.jpg,Production électrique : Une nouvelle centrale à gaz naturel à Mare-Chicose,19 mai 2023,10:00
,https://lexpress.mu/s/article/422390/meteo-fabien-sest-intensifiee-en-forte-tempete-tropicale,https://lexpress.mu/storage/images/article/2023/2023-05/2023-05-15/lexp_-_2023-05-15t094946.110.jpg,Météo: Fabien s’est intensifiée en forte tempête tropicale,15 mai 2023,09:30
,https://lexpress.mu/s/article/421908/visage-carina-gounden-militante-sur-terrain-defenseuse-lenvironnement-devant,https://lexpress.mu/storage/images/article/2023/2023-05/2023-05-01/carina_gounden_ok.jpg,"Visage: Carina Gounden, de militante sur le terrain à défenseuse de l’environnement devant les tribunaux",1 mai 2023,18:30
,https://lexpress.mu/s/article/421685/changement-climatique-rescousse-coraux-en-danger,https://lexpress.mu/storage/images/article/2023/2023-04/2023-04-25/un_exemple_de_la_facon_dont_lelevage_corallien_contribue_a_la_rehabilitation_des_recifs_et_de_la_biodiversite_environnante.jpg,Changement climatique: à la rescousse des coraux en danger,25 avril 2023,20:00
,https://lexpress.mu/s/article/421606/sensibilisation-lenvironnement-une-competition-ouverte-aux-graphistes,https://lexpress.mu/storage/images/article/2023/2023-04/2023-04-23/branditup_studio.jpg,Sensibilisation à l’environnement: une compétition ouverte aux graphistes,23 avril 2023,11:00
,https://lexpress.mu/s/article/421492/parlement-projet-loi-sur-gestion-dechets-vote-amendements,https://lexpress.mu/storage/images/article/2023/2023-04/2023-04-20/waste.jpg,Parlement: le projet de loi sur la gestion des déchets voté avec amendements,20 avril 2023,09:00
,https://lexpress.mu/s/article/421424/pollution-sonore-57-contraventions-etablies-depuis-octobre-2022,https://lexpress.mu/storage/images/article/2023/2023-04/2023-04-18/pollution_sonore.jpg,Pollution sonore: 57 contraventions établies depuis octobre 2022,18 avril 2023,11:00
,https://lexpress.mu/s/article/421402/etude-rechauffement-davantage-secheresses-eclair,https://lexpress.mu/storage/images/article/2023/2023-04/2023-04-17/lexp_-_2023-04-17t135026.270.jpg,"Étude: avec le réchauffement, davantage de sécheresses éclair ",17 avril 2023,18:00
,https://lexpress.mu/s/article/421124/meteo-plusieurs-regions-lile-sous-eaux,https://lexpress.mu/storage/images/article/2023/2023-04/2023-04-10/lexp_-_2023-04-10t140206.558.jpg,Météo: plusieurs régions de l’île sous les eaux,10 avril 2023,14:02
,https://lexpress.mu/s/article/421086/goyavier-chine-casse-tete-pour-especes-endemiques,https://lexpress.mu/storage/images/article/2023/2023-04/2023-04-09/goyaves.jpg,"Le goyavier de Chine, casse-tête pour les espèces endémiques",9 avril 2023,19:15
,https://lexpress.mu/s/article/420768/dix-ans-apres-pourquoi-probleme-dinondations-perdure,https://lexpress.mu/storage/images/article/2023/2023-03/2023-03-31/pluie.jpg,"Dix ans après, pourquoi le problème d’inondations perdure ?",31 mars 2023,18:00
,https://lexpress.mu/s/article/420767/naissance-dun-bebe-cachalot-kobita-jugnauth-nomme-varuna,https://lexpress.mu/storage/images/article/2023/2023-03/2023-03-31/cachalot.jpg,Naissance d’un bébé cachalot: Kobita Jugnauth l’a nommé Varuna,31 mars 2023,17:30
,https://lexpress.mu/s/article/420502/accident-maritime-un-remorqueur-72-tonnes-traction-en-veille-en-cas-catastrophe,https://lexpress.mu/storage/images/article/2023/2023-03/2023-03-23/lexp_-_2023-03-23t185416.760.jpg,Accident maritime: un remorqueur de 72 tonnes de traction en veille en cas de catastrophe,23 mars 2023,19:15
,https://lexpress.mu/s/article/420472/developpement-durable-rehabilitation-forets-endemiques-lancee-citadelle,https://lexpress.mu/storage/images/article/2023/2023-03/2023-03-22/nettoyage_1.jpg,Développement durable: la réhabilitation des forêts endémiques lancée à La Citadelle,22 mars 2023,15:00
,https://lexpress.mu/s/article/420274/freddy-laisse-desolation-et-plus-200-morts-en-40-jours-dexistence,https://lexpress.mu/storage/images/article/2023/2023-03/2023-03-17/lexp_-_2023-03-17t074139.610.jpg,Freddy laisse la désolation et plus de 200 morts en 40 jours d’existence,17 mars 2023,09:01
,https://lexpress.mu/s/article/420264/meteo-mauvais-temps-persistera-jusqua-dimanche,https://lexpress.mu/storage/images/article/2023/2023-03/2023-03-16/lexp_-_2023-03-16t225605.349.jpg,Météo: le mauvais temps persistera jusqu’à dimanche,17 mars 2023,08:00
,https://lexpress.mu/s/article/420022/meteo-lavis-fortes-pluies-maintenu,https://lexpress.mu/storage/images/article/2023/2023-03/2023-03-10/lexp_-_2023-03-10t115012.065.jpg,Météo: l’avis de fortes pluies maintenu,10 mars 2023,11:51
,https://lexpress.mu/s/article/420000/pas-decole-ce-vendredi-10-mars-lavis-fortes-pluies,https://lexpress.mu/storage/images/article/2023/2023-03/2023-03-10/lexp_-_2023-03-09t224820.625.jpg,Pas d'école ce vendredi 10 mars avec l'avis de fortes pluies,10 mars 2023,05:20
,https://lexpress.mu/s/article/419856/yashna-beeharry-devenir-un-modele-pour-jeunes-et-inspirer-travailler-en-faveur,https://lexpress.mu/storage/images/article/2023/2023-03/2023-03-06/yashna_beeharry_24_ans_miss_environment_international_mauritius_2023.jpg,Yashna Beeharry: «Devenir un modèle pour les jeunes et les inspirer à travailler en faveur de l’environnement»,6 mars 2023,20:00
,https://lexpress.mu/s/article/419828/meteo-un-ciel-nuageux-au-rendez-vous,https://lexpress.mu/storage/images/article/2023/2023-03/2023-03-05/lexp_-_2023-03-05t220711.103.jpg,Météo: un ciel nuageux au rendez-vous,6 mars 2023,07:00
,https://lexpress.mu/s/article/419741/meteo-avis-fortes-pluies-en-vigueur,https://lexpress.mu/storage/images/article/2023/2023-03/2023-03-03/lexp_-_2023-03-03t155612.054.jpg,Météo: avis de fortes pluies en vigueur,3 mars 2023,15:56
,https://lexpress.mu/s/article/419520/montee-eaux-pendant-cyclone-freddy-hotels-plage-et-bungalows-noyes-dans-un-scenario,https://lexpress.mu/storage/images/article/2023/2023-02/2023-02-25/hotel_lux-belle-mare.jpg,Montée des eaux pendant le cyclone Freddy: hôtels de plage et bungalows noyés dans un scénario catastrophe,25 février 2023,22:00
,https://lexpress.mu/s/article/419536/constructions-cotieres-actions-maintenant-ou-jamais,https://lexpress.mu/storage/images/article/2023/2023-02/2023-02-25/etablissements_hoteliers_touchees_par_les_vagues.jpg,Constructions côtières: des actions maintenant ou jamais,25 février 2023,21:00
,https://lexpress.mu/s/article/419266/cyclone-intense-freddy-premieres-grosses-pluies-en-vue,https://lexpress.mu/storage/images/article/2023/2023-02/2023-02-20/lexp_-_2023-02-20t094503.428.jpg,Cyclone intense Freddy: les premières grosses pluies en vue,20 février 2023,10:02
,https://lexpress.mu/s/article/419210/freddy-super-cyclone,https://lexpress.mu/storage/images/article/2023/2023-02/2023-02-18/lexp_-_2023-02-18t210146.993.jpg,Freddy: super cyclone,19 février 2023,08:00
